run,avarage
0,13.012343532684284
1,12.997218358831711
2,13.004172461752434
3,12.997739916550765
4,13.006432545201669
5,12.996696801112657
6,13.002086230876216
7,13.000347705146035
8,13.002781641168289
9,12.996522948539639
